{"cameraMode":{"drawMode":0,"name":"Shaded","section":"Shading Mode"},"sceneLighting":false,"audioPlay":false,"sceneViewState":{"m_AlwaysRefresh":false,"showFog":true,"showSkybox":false,"showFlares":true,"showImageEffects":true,"showParticleSystems":true,"showVisualEffectGraphs":true,"m_FxEnabled":true},"in2DMode":false,"pivot":{"x":31.27927589416504,"y":1.2805569171905518,"z":83.68844604492188},"rotation":{"x":-0.003592303954064846,"y":-0.9962567090988159,"z":0.06916078925132752,"w":-0.05174480006098747},"size":2.8985705375671388,"orthographic":false}