{"cameraMode":{"drawMode":0,"name":"Shaded","section":"Shading Mode"},"sceneLighting":false,"audioPlay":false,"sceneViewState":{"m_AlwaysRefresh":false,"showFog":true,"showSkybox":false,"showFlares":true,"showImageEffects":true,"showParticleSystems":true,"showVisualEffectGraphs":true,"m_FxEnabled":true},"in2DMode":false,"pivot":{"x":30.495012283325197,"y":1.2658140659332276,"z":83.60881042480469},"rotation":{"x":-0.003592303954064846,"y":-0.9962567090988159,"z":0.06916078925132752,"w":-0.05174480006098747},"size":3.8631675243377687,"orthographic":false}